{
  "predictions": [
    {
      "saleprice": 181445.36948559422,
      "saleprice_log": 12.108715404094914
    }
  ]
}