{
  "predictions": [
    {
      "saleprice": 181445.36948559358,
      "saleprice_log": 12.10871540409491
    }
  ]
}